FT-193,Caterina Ftn in Basin,4372
FT-239,Estate Longvue Fountain,6497
FT-184,Parisienne Two Tier Ftn,4497
FT-270,Monteros Fountain in Basin,6497
FT-272,Fonthill Fountain in Basin,6497
FT-185,Parisienne One Tier Ftn,4247
FT-0124,Newport Fountain,6497
FT-153,Beaufort Fountain,6247
FT-145,Williamsburg Pineapple Two Tier in Basin,4372
FT-148,Chaumont Fountain,4122
FT-257,Charleston Ftn in Basin,6497
FT-240,Three Tier Longvue Ftn,2747
FT-256,Charleston Fountain,2622
FT-271,Fonthill Fountain,2747
FT-114,Vicobello Fountain,2497
FT-115,Belvedere Fountain,2247
FT-191,Acanthus Two Tiered Ftn,872
FT-192,Caterina Fountain,872
FT-225,Longvue Fountain,897
FT-17,San Pietro Fountain,1572
FT-269,Monteros Fountain,2747
FT-273,Beauport Fountain,2747
FT-186,Fontainbleu Fountain,997
FT-35,Cortile Fountain,847
FT-132,Williamsburg Pineapple Two Tier Fountain,847
FT-133,Williamsburg Pineapple Fountain,647
FT-29,Palazzo Obelisk Ftn,1822
FT-30,Palazzo Urn Fountain,1822
FT-53,Medici Ellipse Fountain,747
FT-77,Natchez Fountain,747
FT-78,Esplanade Two Tier Ftn,1572
FT-197,Navonna Fountain,2322
FT-224,Borghese in Basin Ftn,872
FT-143,Provence Fountain,1622
FT-254,Rochefort Fountain,622
FT-55,Amalfi Two Tier Fountain,747
FT-41,Bisbalos Fountain,747
FT-79,Esplanade Fountain,1097
FT-146,Fleur Fountain,647
FT-167,Beauvais Fountain,922
FT-120,Andalusia Fountain,2497
FT-155,Estancia Wall Fountain,1622
FT-123,Auberge Fountain,922
FT-151,Valencia Fountain,747
FT-218,St. Aubin Fountain,1497
FT-0122,Longwood Arabesque Ftn,1172
FT-86,Longwood Clawfooted Ftn,422
FT-165,Lion Wall Fountain,622
FT-171,Corsini Wall Fountain,622
FT-232,Solaris Fountain,622
FT-136,Bird Element Fountain,260
FT-203,Fleur de Lis Element Ftn,260
FT-205,Lion Element Fountain,260
FT-235,Seasons Fountain ,622
FT-279,Charente Fountain,847
FT-280,Condotti Fountain,1622
FT-10,Bordine Finial Fountain,422
FT-110,Hampstead Fountain,560
FT-52,Longmeadow Fountain,560
FT-214,Portwenn Fountain,622
FT-216,Andra Fountain,237
FT-219,Borghese Fountain,447
FT-180,Flores Pedestal Ftn,560
FT-181,Aya Fountain,260
FT-106,Powys Fountain,260
FT-31,Acorn Fountain,260
FT-107,Bjorn Fountain,260
FT-141,Chatsworth Fountain,260
FT-118,Moderne Fountain,1572
A-375,Duet,23
A-376,Solo,18
FT-125,X3 Fountain,1247
FT-223,Carrera Oval Fountain,872
FT-206,Austin Fountain,997
FT-228,Manhattan Fountain,1247
FT-119,Echo Fountain,785
FT-211,Pallisades Fountain,1247
FT-36,Escala Fountain,622
FT-37,Barcelona Fountain,622
FT-126,Precipice Fountain,1085
FT-150,Low Zen Sphere Ftn,747
FT-103,Recife Fountain,647
FT-73,Genesis II Fountain,647
FT-275,LC1 Fountain,1497
FT-276,LC2 Fountain,1372
FT-38,Palamos Fountain,747
FT-65,Oak Bluff Fountain,1247
FT-102,Girona Fountain,647
FT-131,Cascade Fountain,1247
FT-34,Platia Fountain,622
FT-49,Rustica Pot Fountain,422
FT-67,Anfora Fountain,1572
FT-195,Colonna Fountain,397
FT-199,Lucas Fountain,422
FT-208,Delphi Fountain,1497
FT-196,Dragonfly Wall Fountain,710
FT-209,Birches Fountain,1747
FT-241,Disappearing Leaf Sculpture Fountain,747
FT-258,Adirondack Fountain,297
W-102,Disappearing Leaf Sculpture,177
FT-249,Cirrus Two Tier Fountain,622
FT-250,Equinox Two Tier Ftn,622
FT-251,Hydrangea Leaves Two Tier Fountain,622
FT-246,Cirrus Birdbath Fountain,260
FT-247,Equinox Birdbath Ftn,260
FT-248,Hydrangea Leaves Birdbath Fountain,260
FT-277,Rittenhouse Fountain,872
FT-226,Passaros II Fountain,647
FT-274,Bamboo Pot Fountain,422
FT-127,Yin Yang Pot Fountain,422
FT-221,Jensen Oval Fountain,397
FT-194,Zen Too Fountain,710
FT-229,Cascading Hosta Ftn,622
FT-234,Autumn Leaves Fountain,397
FT-128,Lily Pond Fountain,422
FT-217,Bali Frog Fountain,1172
FT-202,Zen Plinth Fountain,285
FT-76,Passaros Fountain,647
FT-236,Smithsonian Lotus Ftn,647
FT-242,Zen III Fountain,447
FT-134,Frog Plinth Fountain,285
FT-255,Paradiso Fountain,247
FT-215,Tuscan Vineyard Ftn ,197
FT-266,Camellia Fountain,172
FT-278,Driftwood Fountain,210
F-242,Morris Small Lion Wall Plaque,102
FT-129,Portico Fountain,237
FT-39,Sussex Wall Fountain,237
LED-CORD,LED Power Cord,12
LED-KIT1,Single LED Light Kit,100
LED-LIGHT,LED Light,60
LED-TRANS,LED Transformer,35
Refill #10,Ftn Auto Refill Device Stopper #10,107
Refill #7,Ftn Auto Refill Device Stopper #7,107
RK-003,Automatic Refill Device Cover,25
FTNCOV-LG,Fountain Cover Large,122
FTNCOV-MED,Fountain Cover Medium,122
FTNCOV-SM,Fountain Cover Small,92
FTNCOV-XLG,Fountain Cover Extra Large,172
LED-KIT3,Three LED Light Kit,247
P-533,Smithsonian Eastlake Fern Box(3pc),322
P-522,Smithsonian Chesapeake Urn,172
P-530,Smithsonian Grecian Urn,247
P-534,Smithsonian Goblet Urn,247
P-0529 ,Smithsonian Morning Glory Urn (2pc),747
P-528 ,Smithsonian L'Enfant Urn,697
PD-179,Smithsonian Egg & Dart Pedestal,385
PPD-528,Smithsonian L'Enfant Urn w/Ped                                            P-528 and PD-179,1082
B-155,Smithsonian Cottage Garden Birdbath ,222
P-659,Smithsonian Classical Urn,227
PD-198,Barnett Pedestal,210
PPD-659,Smith. Classical Urn w/ Barnett Pedestal                                             P-659 and PD-198,437
P-523,Smithsonian Foliated Scroll Urn,222
P-524,Smithsonian Flight of Fancy Urn,222
P-527,Smithsonian Fluted Valentine Urn,172
P-350,Longwood Volute Handle Urn,310
P-351,Longwood Fluted Urn,197
S-255,Longwood Pineapple Finial,147
P-381,Longwood Main Ftn Garden Urn,222
P-466,Longwood Laurel Banded Urn,247
P-468,Longwood Rosette Urn,247
P-472,Longwood Egg & Dart Urn,322
BE-33,Longwood Main Fountain Garden Bench,385
P-380,Longwood Arabesque Urn,247
P-464,Longwood Capital Planter,85
F-249,Williamsburg Cherub Plaque,35
P-454,Williamsburg Plantation Urn,197
PD-170,Classic Tall Pedestal,210
PPD-454,Wburg Plantation Urn w/ Classic Tall Pedestal                                             P-454 and PD-170,407
P-496A,Williamsburg Wren Planter Large,222
P-496B,Williamsburg Wren Planter Small,172
P-497A,Williamsburg Acanthus Planter Lrg,222
P-497B,Williamsburg Acanthus Planter Sm,172
P-457,Williamsburg Strapwork Leaf Urn,197
P-459,Williamsburg Tayloe House Urn,197
P-460,Williamsburg Chippendale Fretwork Octagonal Planter,460
PPD-457,Wburg Strapwork Leaf Urn w/ Classic Tall Pedestal                                 P-457 and PD-170,407
PPD-459,Wburg Tayloe House Urn w/ Classic Tall Pedestal                                               P-459 and PD-170,407
P-452,Williamsburg Orangery Urn,222
P-455,Williamsburg Bassett Hall Urn,222
P-458,Williamsburg Neoclassic Urn,222
S-303,Williamsburg Grand Pinecone,460
P-467,Williamsburg Egg & Dart Urn,197
P-558,Williamsburg Jefferson Planter,247
PD-169,Classic Short Pedestal,135
PD-181,Williamsburg Jefferson Pedestal,210
PPD-467,Wburg Egg & Dart Urn w/ Classic Tall Pedestal                                                P-467 and PD-169 ,332
PPD-558,Jefferson Urn with Pedestal            P-558 and PD-181,457
A-379,Williamsburg Delft Cat,107
P-559,Williamsburg Orabelle Planter,172
S-314,Williamsburg Pineapple Finial,47
B-119,Williamsburg Candlestand Birdbath,197
B-120,Williamsburg Tea Table Birdbath,185
B-126,Williamsburg Summer House Birdbath (1 pc),122
P-682,Berwind Planter,322
P-683 ,Rosecliff Planter,1035
P-681,Kingscote Urn,347
P-684,The Elms Ivy Urn,227
P-685,The Elms Urn,292
P-678,Newport Swan,147
S-475,Newport Garden Elf,107
S-476,Newport Woodland Elf,107
A-509 Set,Newport Rabbit Set Left and Right                                       A-509L and A-509R,495
A-509L,Newport Rabbit Facing Left,247
A-509R,Newport Rabbit Facing Right,247
P-679,Venus,172
PD-154,Tall Square Pedestal,247
P-595,Coachhouse Urn ,247
PD-191,Coachhouse Pedestal,322
PPD-595,Coachhouse Urn with Pedestal                                      P-595 and PD-191,570
P-596,Newberry Urn,247
P-599,Williamsburg Low Fretwork Urn,247
P-701,Chatham Urn,372
PD-192,Greenwich Pedestal,322
PPD-701,Chatham Urn w/ Greenwich Pedestal                                         P-701 and PD-192,695
P-702,"Jensen Urn, Large",322
P-703,"Jensen Urn, Small",247
PPD-702,Jensen Urn Large w/ Greenwich Pedestal                                               P-702 and PD-192 ,645
PPD-703,Jensen Urn Small w/ Barnett Ped                                             P-703 and PD-198,457
P-591 ,"Brenta Planter, Large",517
P-592,"Brenta Planter, Medium",410
P-593 ,"Padova Planter, Large",517
P-594,"Padova Planter, Medium",410
P-602,"Orleans Planter, Small",410
P-603 ,"Orleans Planter, Large",460
P-604,"Versailles Planter, Small",410
P-605 ,"Versailles Planter, Large",460
P-519 ,Arabesque Window Box,517
P-566,Arabesque Small Window Box,227
P-567,Arabesque Medium Window Box,322
P-515 ,Arabesque Square Planter,435
P-516 ,Arabesque Large Planter,535
P-517,Arabesque Medium Planter,247
P-521,Arabesque Small Planter,107
P-336A,"Bellagio Ring Planter, Large",410
P-336B,"Bellagio Ring Planter, Small",247
P-555,Classic Rolled Rim Window Box,410
P-470,Beaux Arts Window Box,410
P-471 ,Beaux Arts Large Window Box,485
P-640,"Orleans Window Box, Medium",410
P-656 ,"Orleans Window Box, Large",485
P-689,Oak Park Window Box,147
P-693,Art Décor Window Box,222
P-535 ,"Classic Rolled Rim 35.5""",535
P-536 ,"Classic Rolled Rim 31.5""",410
P-537,"Classic Rolled Rim 27""",247
P-538,"Classic Rolled Rim 24""",202
P-539,"Classic Rolled Rim 20.75""",135
P-540,"Classic Rolled Rim 18.25""",92
P-541,"Classic Rolled Rim 14.75""",67
P-542,"Classic Rolled Rim 11.5""",40
P-403A,Estate Rolled Rim Large Planter,747
P-403B,Estate Rolled Rim Medium Planter,535
P-453 ,Morris Lion Pot,1035
P-209 ,Round Pomegranate Planter,697
P-210 ,Certaldo Grape Planter,517
P-297,Certosa Medallion Planter,385
PD-78,Low Round Plain Pedestal,135
P-512 ,Berkeley Large Planter,517
P-513,Berkeley Medium Planter,227
P-520,Berkeley Small Planter,107
P-557 ,Arabesque Rolled Rim Planter,410
P-573,Fleur de Lis Large Urn,322
P-574,Fleur de Lis Small Urn,172
P-575,Relais Large Urn,322
P-576,Relais Small Urn,172
P-324,Hampton Large Urn,372
P-325,Greenwich Urn,322
P-553,Rustic Greenwich Urn,322
P-554,Rustic Hampton Urn,372
PD-193,Greenwich Rustic Pedestal,322
PPD-325,Greenwich Urn with Pedestal                                        P-325 and PD-192,645
PPD-554,Rustic Hampton Urn with Pedestal                                       P-554 and PD-193,695
P-631,St. Louis Planter,747
PD-197,St. Louis Pedestal,797
PPD-631,St. Louis Planter with Pedestal                                 P-631 and PD-197,1545
P-711 ,Monteros Urn,1072
P-712 ,Fonthill Urn,1072
PPD-711,Monteros Urn w/ St. Louis Pedestal                                P-711 and PD-197,1870
PPD-712,Fonthill Urn w/ St. Louis Pedestal                                   P-712 and PD-197,1870
P-713 ,Beauport Urn,1072
PPD-713,Beauport Urn w/ St. Louis Pedestal                                       P-713 and PD-197,1870
P-608,Fairfield Urn,322
P-609,Palais Arabesque Urn,322
PPD-608,Fairfield Urn with Pedestal                      P-608 and PD-193,645
PPD-609,Palais Arabesque Urn with Pedestal                                             P-609 and PD-192,645
P-195,Tivoli Urn,292
P-630,"Medici Planter, Large",517
PD-195,Medici Pedestal (2 pcs),247
PD-22,Large Square Frame Pedestal,247
PPD-195,Tivoli Urn w/ Pedestal                                   P-195 and PD-22,540
PPD-630,Medici Planter with Pedestal                                 P-630 and PD-195,765
P-551,Easton Urn,322
P-552,Millbridge Urn,372
P-569,Litchfield Egg & Dart Urn,172
P-698,Quadrille Urn,422
P-706,Las Palmas Urn,422
P-187,"Leaf Urn, Large",322
P-208,"Lion w/Garland Urn, Small ",227
P-680,Beacon Hill Urn,227
PD-211,Beacon Hill Pedestal,107
PD-65,Square Shell Pedestal,135
PPD-187,Large Leaf Urn w/ Square Shell Ped                                   P-187 and PD-65,457
PPD-208,Sm Lion w/Garland Urn w/Pedestal                                  P-208 and PD-22,475
PPD-680,Beacon Hill Urn w/ Beacon Hill Pedestal                           P-680 and PD-211,335
P-643,Kent Urn,347
P-644,Wilton Urn,322
PPD-643,Kent Urn with Barnett Pedestal                                     P-643 and PD-198,557
PPD-644,Wilton Urn with Barnett Pedestal                                   P-644 and PD-198,532
P-332,Farnese Small Urn,197
P-340,Farnese Medium Urn,247
P-342,Parioli Urn,322
P-345,Lanciano Urn,322
P-348,Ravenna Urn,260
P-333,Monterey Planter,227
P-623,"Medici Planter, Small ",147
P-629,Rustic Palazzo Urn,147
P-365,Westport Planter,107
P-366,Litchfield Urn,172
P-483,Maywood Urn,297
PD-175,Glenview Pedestal (2pc),210
PPD-483,Maywood Urn with Pedestal           P-483 and PD-175,507
P-293A,Scroll Handle Large Planter,347
P-293B,Scroll Handle Medium Planter,227
P-294,Scroll Handle Tub Planter,227
P-652,Vallier Planter,247
P-489,Montgomery Urn,247
P-490,Augusta Urn,247
P-664,"Pascal Urn, Large",372
P-665,"Pascal Urn, Small",227
P-1535,Provencal Large Urn,347
P-326,St. Remy Urn,247
P-408,St. Remy Small Urn,197
P-419,Antibe Urn,322
2930,Lerida Bowl,460
2931,Large Pedestal,135
2932,Medi Riser,102
2953,Murcia Bowl w/leaves,202
P-132,English Weave Small Planter,67
P-133,English Weave Medium Planter,147
P-134,English Weave Large Planter,227
PD-156,Acanthus Riser,8
PD-157,Wide Classic Riser,20
PD-160,Low Profile Riser,8
PD-161,Narrow Classic Riser,20
PD-162,Narrow Profile Riser,8
PD-163,"Wedge Riser, Small ",8
PD-164,"Wedge Riser, Medium ",8
PD-165,"Wedge Riser, Large ",20
PD-56,"Leaf Riser, Small ",8
PD-57,"Leaf Riser, Large ",20
P-676,"Vendange Planter, Large",410
P-686,"Vendange Planter, Medium ",322
P-687,"Vendange Planter, Low ",322
P-695,"Vendange Planter, Tall",385
P-696,"Vendange Planter, Low Square ",247
P-700,Rustic Versaille Planter,335
P-704,Rustic Kettle Planter,297
P-577,Adirondack Planter,227
P-699,Split Log Planter,222
P-694,"Antique Celtic Planter, Large",227
P-697,Oval Wine Barrel Planter,410
P-426,Lucca Planter,172
P-427,Urbino Planter,435
P-407A,Giulia Large Planter,227
P-407B,Giulia Medium Planter,202
P-407C,Giulia Small Planter,92
P-411,Sarinac Planter,227
P-438,Mesa Large Planter,322
P-422A,Saguaro Large Planter,485
P-422B,Saguaro Medium Planter,247
P-502,"Low Zen Bowl, Large",435
P-503,"Low Zen Bowl, Medium",227
P-504,"Low Zen Bowl, Small",107
P-421A ,Carema Large Planter,410
P-421B,Carema Medium Planter,227
P-421C,Carema Small Planter,107
P-493,Lakeshore Tall Square Planter,322
P-621,Exeter Planter,47
P-641,Martini Urn,222
PD-196,Manhattan Pedestal,192
PPD-641,Martini Plntr w/Manhattan Ped                                          P-641 and PD-196,415
P-367,Cliveden Urn,222
P-622,Savoy Planter,322
PD-194,Savoy Pedestal,322
PPD-367,Cliveden Urn w/ Tall Square Ped                                             P-367 and PD-154,470
PPD-622,Savoy Planter with Pedestal                           P-622 and PD-194,645
P-441,South Seas Planter,85
P-442,"Heart Planter, Small",47
P-443,"Heart Planter, Large",92
P-174,"Faccia Planter, Small",85
P-175,"Faccia Planter, Medium",147
P-176,"Faccia Planter, Large",227
P-122,Dancing Angels Planter,107
P-263,Small Basket w/Handle Planter,85
P-315,Watering Can Planter,92
P-437,Sleeping Maiden Planter,147
P-499,Sylvan Planter,172
P-710,Diana Planter,97
PD-167,Medium Art Pedestal,135
PD-174,Textured Sm Low Sq Pedestal,102
P-668,"Martini Urn, Small",47
P-669,"Manhattan Urn, Small",47
P-670,"Rustic Martini Urn, Small",47
P-671,"Rustic Manhattan Urn, Small",47
PD-206,Tall Mini Pedestal,67
PD-207,Low Mini Pedestal,47
PD-208,Tall Rustic Mini Pedestal,67
PD-209,Low Rustic Mini Pedestal,47
PPD-668A,Martini Urn Small w/ Tall Mini Pedestal                                    P-668 and PD-206,115
PPD-669B,Manhattan Urn Sm w/Low Mini Pedestal                          P-669 and PD-207,95
PPD-670A,Rustic Martini Urn Small w/Tall Rustic Mini Pedestal                             P-670 and PD-208,115
PPD-671B,Rustic Manhattan Urn Small w/ Low Rustic Mini Pedestal                           P-671 and PD-209,95
P-018,Woven Window Box,107
P-027,Rectangle Shell Planter,107
P-066,Roman Planter,85
P-069,Square Fleur Planter,67
P-568,Litchfield Rustic Urn,172
P-584,Toulouse Urn,47
P-597,Moreland Urn,47
P-600,Linwood Urn,47
P-598,Marella Urn,47
P-601,Garth Planter,47
P-716,"Apple Basket Planter, Large",222
P-717,"Apple Basket Planter, Small",147
GRCP-010,Mayfair GFRC Urn,1247
GRCP-002,Umbria Round Planter,997
GRCP-006,"GFRC 35.5"" Classic Rolled Rim",810
GRCP-007,"GFRC 31.5"" Classic Rolled Rim",622
GRCP-001,LeNotre Square Planter  ,997
GRCP-005,"LeNotre Square Planter GFRC,24.5""",697
GRCP-009,"LeNotre Square Planter GFRC, 30.5""",847
GRCP-003,Davos Square Planter ,897
GRCP-004,Davos Round Planter ,897
GRCP-008,"LeNotre Window  Box GFRC, 46""",747
B-143,Juliet Birdbath,272
B-154,Sunflower Birdbath,222
B-156,Wyndmoor Birdbath,222
B-169,Spring Meadow Birdbath (1 pc),85
B-130,Reef Point Birdbath (1 pc),247
B-152,Chatham Birdbath,197
B-018,"Classic Birdbath, Large",227
B-135,Cottage Garden Birdbath,197
B-146,Isleboro Birdbath,197
B-050,Chestnut Hill Birdbath,247
B-090,Pine Meadow Birdbath,297
B-104,Savannah Birdbath,247
B-100,The Essential Birdbath,247
B-165,Metropolitan Birdbath (1 pc),422
B-072,Rose Birdbath,222
B-145,Butterflies Are Free Birdbath,197
B-170,Fandango Birdbath,210
B-171,Iris Birdbath,210
B-034,Hummingbird Birdbath,185
B-056,Dragonfly Birdbath,197
B-073,Flores Birdbath,197
B-107,Oslo Birdbath (1 pc),122
B-122,Lavender Birdbath (1 pc),122
B-129,Halifax Birdbath,172
B-012,Cherub Birdbath,152
B-013,Pineapple Birdbath,152
B-019,"Classic Birdbath, Small ",122
B-075,Siena Birdbath (1 pc),122
B-063,Whimsical Frog Birdbath (1 pc),197
B-092,Three Frog Birdbath,227
B-136,Rousseau Birdbath,227
B-047,Moose Birdbath/Feeder (1 pc),122
B-118,Galway Birdbath,172
B-127,Cat Nap Birdbath (1 pc),197
B-128,Indian Summer Birdbath,172
B-140,Songbird's Rest Birdbath (1 pc),47
SH-100,"Heart Shell, Small ",47
SH-101,"Heart Shell, Large ",92
B-115,My Heart is in the Garden Birdbath,197
B-147,Midsummer Birdbath (1 pc),85
B-157,Mara Birdbath (1pc),72
B-158,Flores Birdbath (1pc),72
B-068,Kyoto Birdbath (1 pc),97
B-110,Yin Yang Pedestal Birdbath (1 pc),107
B-132,Kosei Birdbath (1 pc),72
B-054,Pisa Birdbath (1 pc),72
B-141,Beauvoir Birdbath (1 pc),47
B-026,Mano Birdbath (1 pc),85
B-033,Mariposa Birdbath (1 pc),107
B-149,"Dragonfly Birdbath, Small (1 pc)",85
B-153,Avery Birdbath (1 pc),85
B-162,Falling Leaves Birdbath (1 pc),122
B-166,Low Cirrus Birdbath (1 pc),147
B-159,Equinox Birdbath (1pc),185
B-161,Cirrus Birdbath (1pc),185
B-108,Hadley Birdbath (1 pc),172
B-160,Hydrangea Leaf Birdbath (1 pc),185
B-167,Giverny Birdbath (1 pc),85
B-172,Two Lizards Birdbath,147
W-103,Equinox Water Bowl,107
W-104,Hydrangea Leaves Water Bowl,172
W-105,Cirrus Water bowl,107
A-060,Vintage Dog with Basket,172
A-478,Antique Greyhound,335
A-240,Greyhound,385
A-298,Whippet,197
A-425,Duke,517
A-456,Antique Bulldog,385
A-338,Fritz,172
A-387,Scout,227
A-226,Fluffy Dog,172
A-268,Angus Scotty Dog,172
A-317,Petey,172
A-244,Lab Pup,107
A-254,Reclining Dog,147
A-255,"Curled Dog, Small ",35
A-256,"Curled Cat, Small ",35
A-390,Proud Pup with Stick,122
A-450,Ollie,85
A-457,Chiquito,60
A-469,Basket Cases,147
A-374,Mugsy,160
A-380,Westie,172
A-519,Shepherd Pup,172
A-527,Playtime,107
A-535,Golden Retriever Puppy,122
A-541,Fur-Ever Friends,85
A-537,Yoga Cat,122
A-544,Yoga Dog,122
A-480,Cutie Kitty,35
A-487,Chip,35
A-490,Angel Kitty,135
A-491,Angel Puppy,135
A-437,Sprouts,43
A-484,Patience,60
A-485,Dreaming Kitty,67
A-363,Tanner,107
A-371,Shadow's Perch,197
A-320,Sebastian,147
A-438,Cheswick,107
A-492,Samantha,147
A-330,Playful Kitten,47
A-331,Mousie,11
A-351,Kitty,25
A-399,Cleo,25
A-228,Garden Cat,147
A-245,Queenie Cat,172
A-261,Cat Chasing Ball,107
A-532,Cat and Mouse Game,210
A-521,Cat on Pumpkin,107
A-522,Birds on Pumpkin,107
A-357,Small Raven,23
A-361,Owl on Pumpkin,107
A-360,Raven,107
PD-171,Short Square Textured Pedestal,80
S-265,Folk Art Rooster,172
A-494,Tex,97
A-495,Henrietta,135
A-500,Antique Rooster,122
A-502,Ole Crusty,107
A-501,Thai Bunny,97
P-714,"Turtle Planter, Small",47
P-715,Chicken Planter,47
P-063,Hen Planter,33
P-068,Bunny Planter,47
P-647,Turtle Planter,107
A-405,Classic Lion,227
A-483,Charlotte's Choice,227
A-328,Champion,385
A-523,Spirit,160
PD-150A,Medallion Column,297
A-458,Traffic Jam,97
A-463,Hedgerow,35
A-481,Tree Frogs,47
A-288,Curly,172
A-319,Perky Pig,107
A-517,Bon Appetit,67
A-030,Rabbit w - 1 ear up,35
A-073,Rabbit- Ears up,35
A-413,Father Rabbit,107
A-542,Lop-Eared Bunny,47
A-098,Standing Squirrel,35
A-529,Woodland Frog,67
A-530,Grey Squirrel,35
A-224,Giant Garden Frog,385
A-393,Totally Zen Frog,185
A-427,Totally Zen Too,122
A-503,Mini Zen Frog,43
A-368,Gone Fishin',172
A-385,The Thinking Man's Frog,147
A-472,All Creatures Great and Small,122
A-397,Coffee,35
A-398,Tea,35
A-431,Wine Time,35
A-406,Checkmate,35
A-407,Bumbershoot Frog,25
A-420,Parasol Frog,25
A-513,Fisherman Frog,25
A-514,Golfer Frog,25
A-515,Cowboy Frog,25
A-516,Baseball Frog,25
A-071,Turtle,23
A-093,Small Turtle,18
A-269,Tortuga Turtle,67
A-348,Box Turtle,23
A-352,Whisper,23
A-362,Jumper,23
A-421,My Pet Turtle,12
A-242,Hare Seated-ears up,67
A-259,Rabbit on a Rock,107
A-353,Snowball,35
A-364,Fat Rabbit,85
A-415,Youngster,25
A-099,Piglet,18
A-114,"Hedgehog, Small ",18
A-239,Frankie the Frog,23
A-299,Tiny Frog,11
A-324,Small Fry Bunny,23
A-349,Snail,25
A-345,Penguin,23
A-346,Baby Barn Owl,23
A-350,Autumn Chipmunk,23
A-391,Cardinal,23
A-392,Dragonfly,23
A-395,Lunar Moth,23
A-396,Butterfly,23
A-428,Ladybug,23
A-429,Ike,23
A-497,Spike,25
A-533,Sea Turtle,25
A-534,Hummingbird,25
A-540,Crawfish,23
A-436,Quackers,47
A-445,Teeny,18
A-446,Bitsy,18
A-447,Itsy,18
A-423,Kate's Goose,47
A-476,Happy Hour,85
A-265,Mini Bird,11
A-305,Flutter,23
A-306,Bathing Bird,18
A-354,Sparrow,23
A-356,Chickadee,23
A-359,Songbird,18
A-355,Resting Bird,25
A-482,Three's Company,47
P-658,Alouette Planter,107
A-479,Eureka,23
A-496,Amelia,25
A-504,Turtle Dove,35
A-505,Northern Cardinal,25
A-498,Trio,47
A-499,Rendezvous,30
A-528,Tweeters Five,43
A-203,Birds on a Log,97
A-207,Three's a Crowd,67
A-545,Wise Old Owl,197
P-498,Morning Gossip Planter,227
A-459,Nevermore,210
A-464,Noble Fox,247
A-253 Set,Eagle Looking Left & Right                                  A-253L and A-253R,395
A-253L,Eagle Looking Left,197
A-253R,Eagle Looking Right,197
A-267,Soaring Owl,247
PD-108,Plain Round Pedestal,185
A-036,Dove Small Pair,35
A-404,Lovebirds,35
A-525,Dove,47
A-518,Twin Owls,147
A-520,Scholarly Owl,47
A-538,Post Owl,85
A-285,Merrie Little Owl,67
A-337,Large Horned Owl,172
A-433,Honeymoon Owls,67
A-460,Night Owl,97
A-511,Barny,135
A-526,Hoot Owl,97
A-279,Tropical Fish,227
A-300,Seahorse,197
A-508,Pelican,272
A-524,Heron,422
A-312,Swimming Fish,47
A-377,Old Crabby,85
A-442,Goldie,197
A-536,River Otter,172
A-539,Rainbow Trout,67
S-349,Gavin,70
S-351,Galen,70
S-381,Acorn,97
S-306,Joe,85
S-341,Jenny,172
S-388,Ronin,70
S-389,Aria,70
S-390,Aiden,70
S-371,George,70
S-424,Shelley ,47
S-425,Whimper,47
S-333,Peep,197
S-334,Puddles,107
S-422,On The Lookout,147
S-350,Puzzle,70
S-352,Paws,70
S-370,Scraps,70
S-336,Oscar,147
S-340,Eryl,197
S-462,Fiona Winged Dragon,172
S-479,Grumblethorpe,107
S-480,Sleepyhead,107
S-342,Yolande,517
S-421,Abraxas,297
S-177,Sitting Gargoyle,107
S-300,Tude,107
S-348,Robin,70
S-338,Ernie,197
S-339,Gryphon,210
S-428,Gunther,85
OR-145,Pelath,172
S-488,Fairy Castle,107
S-401,Merlin,297
S-481,Phoenix,147
C-106,Eva,122
S-427,Elinda,147
S-465,Hyacinth,70
S-467,Bluebell,60
S-468,Violet,70
F-259,Greenman Plaque,50
F-260,Dryad Plaque,50
GRCF-103,Goodfellow,397
S-396,Fred,35
S-412,Big Fred,97
S-477,Stealing Home,47
S-357,Gribblegrin,35
S-358,Winktingle,35
S-359,Mugwiggen,35
S-361,"Gnome Home, Short",85
S-392,Storytime With Grandpa,35
S-406,Toad House,60
S-407,Gnome Sweet Home (2 Pc),197
S-328,"Gnome Home, Small",47
S-440,Gnome Ranger,47
S-441,Gnome Rider,47
S-446,Gnome Coach,97
S-453,Gnome Home Planter,70
S-454,Gnome Cottage,122
S-457,Gnome Garden Planter,85
S-485,Classical Archer with Dog,322
S-486,Classical Archer,322
S-189/FA,Four Seasons -Fall,262
S-189/SP,Four Seasons - Spring,262
S-189/SU,Four Seasons -Summer,262
S-189/WI,Four Seasons - Winter,262
S-218,Tall Satyr,810
S-459,Isadora,227
S-458,Awakening,160
PD-168,Low Rectangular Plinth,135
S-288,Mother and Child,227
S-291,Sweet Dreams,197
PD-151,Tall Octagonal Pedestal,157
PD-32,Square Pedestal,135
S-089,Girl Carrying Two Baskets,172
S-250,Wood Nymph,172
S-275,Ammonite,247
S-487,Standing Mermaid,97
S-365,Fauna,160
S-489,Mother's Love,172
S-223,Male Golfer,172
S-471,Best Buddies,297
S-482,Purrfect Friends,197
S-022,Shy Girl,107
S-023,Seated Boy w/Book,70
S-484,April Showers,67
OR-142,Chang Mia Buddha ,227
OR-143,Kyoto Buddha,397
OR-38,Antique Buddha Head Large ,227
OR-153,Garden Foo Dog on Wave Plinth,572
OR-154,Garden Foo Dog,572
OR-155,Lotus Buddha,397
OR-08,"Dragon, Small ",107
OR-29,"Dragon, Large ",272
OR-32,Temple Buddha Head,810
OR-39,Indonesian Seated Buddha,247
PD-150,Medallion Pedestal,322
OR-127,Small Temple Buddha,70
OR-135,Rustic Antique Buddha,70
OR-133,Standing Lotus Buddha,85
OR-134,Seated Lotus Buddha,107
OR-148,Quan Yin,227
OR-149,Celestial Buddha,122
OR-150,Praying Monk,85
OR-151,Luohan,107
OR-123,Abaca Buddha,147
OR-131,Dancing Buddha,85
OR-156,Joyful Buddha,107
OR-02,Ho Tai,85
OR-06,Buddha,85
OR-35,Mini Pagoda,60
OR-125,Artifact Buddha,35
OR-138,Tranquility Buddha,25
OR-22,Mini Foo Dog-Right,60
OR-22 Set,Mini Foo Dogs Facing Lt and Rt  OR-22L and OR-22,120
OR-22L,Mini Foo Dog-Left,60
OR-129,Small Temple Foo Dog Left,40
OR-129 Set,Sm Temple Foo Dog Lt and Rt OR-129 and OR-130,80
OR-130,Small Temple Foo Dog Right,40
OR-146,"Serene Buddha, Small",18
OR-147,"Serene Buddha, Medium",35
OR-106,Sapporo Lantern,247
OR-132,Acadia Pagoda,222
OR-24,Rustic Medium Pagoda,107
OR-27,Morris Seated Buddha,197
OR-28,Morris Standing Buddha,247
OR-36,Morris Round Pagoda,247
OR-141,Bamboo Pagoda,222
OR-144,Antique Pagoda,122
OR-105,Naka Lantern,385
OR-107,Atsumi Lantern,172
OR-108,Katsura Lantern,172
OR-116,Nobility,172
OR-25,Oriental Maiden,247
OR-122,"Seated Buddha, Small",107
OR-126,Hiroki,70
OR-31,Oriental Maiden w/Bowl,172
R-110,"Classic Madonna, Large",622
R-041,"Madonna, Small ",55
R-042,"Madonna, Medium ",122
R-106,Classic Madonna,247
R-024,St. Francis w/Shell,172
R-027,"St. Francis w/Animals 36""",322
R-108,Woodland St. Francis,135
R-112,"St. Francis w/Animals, Small",55
R-115,"St. Fiacre, Medium",135
S-474,Celtic Cross,107
PD-38,Plain Quadro Pedestal,80
R-031,St. Fiacre,172
R-047,Padre Pio,172
R-052,"St. Francis 25""",135
R-104,St. Francis w/Birds,135
R-101,St Francis w/Baby Bird,247
R-116,Kneeling St. Francis w/Bird,297
B-137,Celeste (1 pc),197
C-077,Cherub Birdfeeder,85
C-079,Praying Angel,172
R-045,Madonna of the Roses,172
C-101,"Sitting Cherub, Small",47
C-102,"Sitting Cherub, Medium ",85
R-055,"Madonna 14""",47
R-102,"St. Francis 14""",47
R-103,"St. Fiacre 14""",47
PD-39,Garland Quadro Pedestal,92
R-060,Autumn Angel,197
R-107,Canterbury Angel,247
R-109,Garden Madonna,135
R-105,Standing Madonna and Child,172
R-114,Fiona's Angel,172
C-107,Angelica,97
C-108,Evangeline,97
C-109,Claire,97
PD-199,Seasons Globe Holder,210
PD-200,Winslet Globe Holder,185
F-254,Square Eden Plaque,50
PD-173,Textured Low Sq Pedestal,157
S-040,"Pineapple Finial, Small ",70
S-203,"Sphere Square Base, Small",97
S-204,"Sphere Round Base, Large",197
S-335,Italian Fruit Basket,297
S-439,Rouen Large Finial,122
S-442,Rouen Small Finial,97
PD-109,Arno Pedestal,247
PD-201,Small Urn Plinth,23
PD-210,Leaf Column Pedestal,172
PPD-668C,Martini Urn Sm w/Leaf Column Pedestal                             P-668 and PD-210,220
P-646,Mt. Airy Urn,155
PD-202,Tall Wolcott Pedestal,80
PD-203,Low Wolcott Pedestal,47
PD-204,Tall Lenox Pedestal,80
PD-205,Low Lenox Pedestal,47
PPD-597,Moreland Urn with Small Urn Plinth                                           P-597 and PD-201,71
PPD-598,Marella Urn w/ Tall Wolcott Pedestal                                          P-598 and PD-202,127
PPD-600,Linwood Urn w/ Low Wolcott Pedestal                                    P-600 and PD-203,95
PPD-646,Mt. Airy Urn w/ Low Lenox Ped                                         P-646 and PD-205,202
E-102L,Flip Flop Stepping Stone - Left,47
E-102R,Flip Flop Stepping Stone - Right,47
E-111,Flower Power Stepping Stone Set,92
E-111A,"Flower Power Stepping Stone, Lrg",40
E-111B,"Flower Power Stepping Stone, Med",30
E-111C,"Flower Power Stepping Stone, Sm",21
E-103,Nandina Stepping Stone,47
E-108,Gingko Stepping Stone,47
E-113,Maple Leaf Stepping Stone,47
E-27,Oak Leaves Stepping Stone,47
E-114,Hens N Chicks Stepper,23
E-116,Fossil Fern Stepper,23
E-117,Sugar Maple Stepper,35
E-120,Red Gum Stepper,35
E-122,Faux Bois Stepper,35
E-123,Hydrangea Leaf Stepper,35
T-113,Loire Console Table,622
BE-120,Fleur De Lys Curved Bench,247
BE-123,Provencal Curved Bench,485
BE-106,Provencal Bench,385
BE-119,Westbury Bench,485
BE-115,Classic Garden Bench,385
BE-122,Fontenay Bench,347
BE-100,Ryokan Bench,435
BE-30,Autumn Leaves Bench,310
BE-111,The X Bench,310
BE-113,Reef Point Bench,310
BE-127,Westland Bench,435
BE-128,Sagano Bench,310
BE-20,Curved Westchester Bench,347
BE-21,Curved Woodland Ferns Bench,347
BE-23,Leaf Curved Bench,347
BE-02,Traditional Straight Bench,172
BE-03,Traditional Curved Bench,202
BE-22,Straight Woodland Ferns Bench,247
BE-24,Dragonfly Curved Bench,247
BE-26,Snowdrop Bench,185
BE-28,Pansy Bench,202
BE-124,Owl Bench,385
BE-130,Sunflower Bench,310
BE-125,"Bois Bench, Large (1 pc)",747
BE-126,"Bois Bench, Small (1 pc)",247
BE-131,Hydrangea Leaf Bench,310
BE-116,Faux Bois Bench,485
BE-121,Birches Bench,347
BE-27,Palladio Bench,347
T-1001,Palladio Table,697
T-110,Vence Table,697
T-108,Vicenza Console Table,622
L-035,Large Vela Planter,85
L-042,Trough Garden Console Table,622
L-039,Trough Garden Bench,435
FT-159,M-Series Sphere Ftn,172
FT-162,M-Series Escala Ftn,160
FT-261,M-Series Quadro Ftn,160
FT-262,M-Series Kenzo Ftn,160
FT-260,Zen Oval Fountain,160
FT-264,M-Series Medallion Ftn,172
FT-164,M-Series Rosette Ftn,147
FT-166,M-Series Pebble Ftn,160
FT-156,M-Series Ridge Fountain,160
FT-157,M-Series Coin Fountain,172
FT-161,M-Series Platia Fountain,197
FT-178,M-Series Rustic Spa Fountain w/ Planter,237
P-580,Rustic Spa Planter,47
FT-170,M-Series Flores Ftn,172
FT-173,M-Series Veranda Ftn,172
FT-252,Mini Element With Birds Fountain,197
FT-253,Mini Element Zen Frog Fountain,197
FT-263,M-Series Flora Fountain,147
FT-265,M-Series Camellia Ftn,172
FT-190,M-Series Artifact Ftn,172
FT-47,Cara Classica Fountain,185
FT-259,Garden Terrace Meditation Fountain,197
FT-267,M-Series Bird Fountain,160
FT-268,M-Series Bamboo Ftn,147
FT-244,Cirrus Garden Terrace Fountain,172
FT-245,Hydrangea Leaves Garden Terrace Fountain,172
FT-243,Equinox Garden Terrace Fountain,172
LS-101,"Classic Tall  Pillar Candleholder                   (3"" Candle) (S/4)",97
LS-103,"Classic Pillar Candleholder w/Hurricane (3"" Candle) (S/4)",147
L-030,"Provencal Candle Vessel                       (4"" Candle) (S/1)",47
LS-100,"Roman Pillar Candleholder                        (3"" Candle) (S/4)",97
LS-102,"Classic Tall Pillar Candleholder w/Hurricane (4"" Candle) (S/4)",197
LS-104,"Classic Pillar Candleholder w/Hurricane (4"" Candle) (S/4)",197
P-627,Aurielle Planter,40
P-628,Celine Planter,47
L-033,Barca Planter,67
L-034,Small Vela Planter,67
LS-115,Tranquility Garden Set (2 pcs),35
P-445,Mini Bird Planter,33
P-446,Mini Frog Planter,33
P-585,Mini Low Reef Square Planter,23
P-586,Mini Tall Reef Square Planter,33
P-368,Aurelius Planter,85
P-572,Garden Terrace Arabesque Spa Pltr,40
P-662,Pavia Planter,40
P-388,Kira Planter,33
P-389,Arles Planter,33
P-400,Osaka Bowl,40
P-475,Ada Planter,33
P-476,Nyssa Planter,40
P-666,Basic Element Planter,35
P-667,Basic Element Long Planter,67
P-674,"Reef Planter, Small",25
P-709,"Branch Planter, Small",25
P-688,Elm Planter,85
P-690,Chestnut Planter,85
P-691,Walnut Planter,107
P-692,Locust Planter,147
P-672,Barn Board Planter Small Square ,40
P-673,Barn Board Planter 14 Inches,40
P-663,"Barn Board Planter, Medium ",47
P-675,"Barn Board Planter, Tall ",70
PPD-324,Hampton Urn with Pedestal                          P-324 and PD-192,695
PPD-551,Easton Urn with Pedestal             P-551 and PD-192,645
PPD-552,Millbridge Urn with Pedestal                             P-552 and PD-192,695
PPD-553,Rustic Greenwich Urn with Pedestal                                     P-553 and PD-193,645
PPD-596,Newberry Urn with Pedestal           P-596 and PD-191,570
PPD-599,Wburg Low Fretwork Urn w/Pedestal                                    P-599 and PD-191,570
PPD-668B,Martini Urn Small w/ Low Mini Pedestal                                P-668 and PD-207,95
PPD-669A,Manhattan Urn Sm w/Tall Mini Pedestal                           P-669 and PD-206,115
PPD-670B,Rustic Martini Urn Small  w/ Low Rustic Mini Pedestal                          P-670 and PD-209,95
PPD-671A,Rustic Manhattan Urn Small w/ Tall Rustic Mini Pedestal                              P-671 and PD-208,115
